No.,Name,Date,Deaths,Time,Difficulty,ID
1,I wanna be the IWC,2019.05.15,59,00:29:42,15.4,10808
2,I wanna be the IWC2,2019.05.16,46,00:17:02,15.2,10809
3,I wanna fa trap,2019.05.17,88,00:25:06,26.6,10462
4,I wanna fa trap 2,2019.05.18,306,01:33:44,29.0,19669
5,I wanna chase my dream,2019.05.19,362,00:43:50,18.3,17626
6,Thanks for 2014!!,2019.05.21,628,01:09:14,24.0,18335
7,I wanna conquer the blow game,2019.05.22,543,02:14:09,18.3,14742
8,I wanna tell you,2019.05.22,27,00:10:21,8.0,19149
9,I wanna be the Clouds,2019.05.23,300,00:21:26,21.3,17731
10,I wanna hear sakura in air,2019.05.23,72,00:19:31,19.0,20674
11,I wanna conquer the blow game 2,2019.05.25,913,03:06:37,23.7,14743
12,I wanna Interesting,2019.05.25,83,00:49:26,N/A,19786
13,I wanna be the Kaenbyou 2,2019.05.28,423,00:32:38,22.7,18766
14,I wanna be the Kaenbyou,2019.05.28,379,00:34:24,21.6,17724
15,I wanna be the Kaenbyou 3,2019.05.29,280,00:25:07,24.7,18767
16,I wanna qoqoqo origin,2019.05.31,1703,03:50:13,34.5,16595
17,Thanks for 2015!!,2019.05.31,97,00:22:04,22.8,15747
18,I wanna be a lovely memory,2019.06.01,153,00:16:07,15.7,17619
19,I wanna One Screen for Fun!,2019.06.03,302,00:20:55,39.9,20454
20,I wanna eat Latiao,2019.06.04,125,00:12:16,19.8,16057
21,I wanna be the GGM,2019.06.04,45,00:08:19,8.7,10758
22,I wanna eat the lemon,2019.06.05,279,00:27:30,22.6,18603
23,I wanna eat Chocolate Cake,2019.06.06,522,01:00:40,29.9,16187
24,Wish me luck,2019.06.06,441,01:02:42,29.6,10465
25,I wanna graduate,2019.06.07,312,00:31:58,N/A,21796
26,I wanna be the Air,2019.06.08,1019,02:30:40,36.7,10544
27,I wanna solve color puzzle,2019.06.08,180,02:28:24,43.8,16277
28,I wanna 15 cooking methods of AnChun,2019.06.10,197,00:23:11,21.3,17617
29,I don't wanna chat with you,2019.06.11,504,01:02:02,N/A,20076
30,I wanna give a little present to Xia,2019.06.11,116,00:08:57,16.3,18581
31,I wanna give a little present to Xia 2,2019.06.11,14,00:05:06,14.7,19509
32,I wanna be the Person who are Very Very Lucky,2019.06.12,752,01:26:39,34.5,18400
33,I wanna be decent,2019.06.13,72,00:10:43,26.7,19503
34,I wanna protect one life,2019.06.13,57,00:26:38,21.1,15495
35,Happy Dog Year,2019.06.14,103,00:16:43,32.3,19451
36,I wanna present an Easy game with you!,2019.06.14,36,00:13:08,22.1,11685
37,I wanna wanna,2019.06.15,65,00:06:19,19.2,12505
38,I wanna be the Flow,2019.06.15,59,00:20:01,20.6,10726
39,I wanna 完全新手教学,2019.06.17,256,00:51:45,21.0,17640
40,初見殺し避けたい,2019.06.18,43,00:11:29,38.7,11826
41,Thanks for 2018,2019.06.28,709,01:49:34,25.6,-1
42,I wanna go across the Rainbow,2019.06.29,1878,01:52:22,42.4,11567
43,I wanna be with you,2019.06.30,1254,01:07:05,35.2,15191
44,I wanna recover the Quality,2019.06.30,274,00:25:23,27.7,14894
45,一時間制作アイワナ,2019.06.30,55,00:08:51,28.1,15312
46,I wanna jump with panda,2019.07.01,228,00:20:52,28.6,18604
47,I wanna be the present for you,2019.07.01,222,00:25:26,26.9,17713
48,I wanna fat needle,2019.07.01,102,00:25:20,N/A,-1
49,I wanna say hello to iw new frendes,2019.07.01,68,00:16:20,N/A,-1
50,I wanna play the simple game,2019.07.01,28,00:06:58,21.0,20038
51,I wanna be the qiupi,2019.07.01,23,00:07:53,26.0,19150
52,I wanna be the MOG,2019.07.01,9,00:02:40,8.3,17621
53,I wanna be the OGM,2019.07.01,9,00:03:58,10.3,17622
54,I wanna be the GMO,2019.07.01,7,00:03:48,9.0,16811
55,I wanna be the good Hentai 2,2019.07.02,865,00:56:28,38.6,18195
56,I wanna be the good Hentai 3,2019.07.02,332,00:55:58,35.1,18196
57,I wanna be in I wanna,2019.07.03,25,00:03:07,N/A,-1
58,I wanna be Left Alone,2019.07.04,500,00:42:47,N/A,21681
59,Thanks for 2017!!,2019.07.04,147,00:33:04,26.5,19788
60,I wanna saber,2019.07.04,108,00:09:44,20.7,17852
61,I wanna saber2,2019.07.04,84,00:11:17,19.3,17853
62,I wanna be the Zoulv Needle,2019.07.04,77,00:10:31,18.2,18124
63,I wanna saber3,2019.07.04,55,00:09:27,15.3,17854
64,I wanna pursue my dream,2019.07.05,486,00:52:40,32.3,20448
65,I wanna be the MC,2019.07.05,120,00:25:55,23.8,10887
66,I wanna retort,2019.07.06,708,00:44:34,39.4,20812
67,I wanna get used to Needle Game,2019.07.06,315,00:21:11,31.4,15595
68,I wanna be the Logarithmic,2019.07.06,123,00:41:01,22.7,14777
69,I wanna be the YAMRT,2019.07.06,15,00:04:42,15.8,11235
70,Is The Order An I wanna ?,2019.07.13,465,00:29:16,34.0,15728
71,I Wanna Find Kirino!,2019.07.13,257,01:07:37,33.0,20673
72,I wanna enjoy the Game,2019.07.13,208,00:36:49,18.6,11523
73,I wanna Really Easy,2019.07.13,192,01:05:02,22.0,15171
74,I cannot but go ahead through the way of the starlit sky,2019.07.13,117,00:12:43,22.5,16878
75,I Wanna Vanish Needles!!,2019.07.13,112,00:22:44,22.9,14970
76,I wanna escape the Room3,2019.07.13,59,00:32:56,24.9,11534
77,I wanna Really Easy 3,2019.07.13,52,00:13:02,22.2,15182
78,I wanna Really Easy 2,2019.07.13,19,00:06:49,24.0,15181
79,Building Worlds,2019.07.13,5,00:03:31,14.1,19206
80,I wanna be the 超初心者!!,2019.07.13,2,00:05:32,6.7,11331
81,I wanna qowulu 100,2019.07.14,1030,02:38:23,37.9,19923
82,I wanna be the Qexercise,2019.07.15,649,01:18:08,34.6,17277
83,I wanna BD Needle Trials,2019.07.16,491,00:14:45,41.5,12207
84,I wanna be the xenoglossia,2019.07.16,152,01:20:07,28.1,14698
85,I wanna be the present for you 2,2019.07.17,1543,01:45:45,41.5,18032
86,I wanna be the Scarlet white,2019.07.17,132,00:54:58,25.7,11078
87,I wanna be the Onelife,2019.07.17,127,01:26:28,33.2,14913
88,I wanna be the Blue Spike,2019.07.17,17,00:05:29,18.2,15334
89,I wanna Xuezu Needle,2019.07.19,381,00:28:45,35.5,21329
90,I wanna rely the Needle,2019.07.24,1123,00:42:47,43.4,16636
91,Kotton Kande,2019.07.24,335,00:26:58,29.3,20996
92,I wanna find the Sheep,2019.07.24,158,00:29:32,32.6,12324
93,I wanna eat sheep spike2 hard ver,2019.07.24,113,00:15:12,59.5,19148
94,I wanna black to white easy ver,2019.07.25,522,00:34:32,N/A,-1
95,I Wanna Rely The Needle 4.2,2019.07.26,289,00:31:18,30.6,19483
96,I wanna Arcfox 100,2019.07.27,489,01:31:38,37.0,18660
97,Iwanna reflection,2019.07.28,116,00:10:36,31.9,23754
98,I wanna Ridianfengshan,2019.07.29,1249,01:20:32,43.0,23596
99,Iwanna vibe,2019.07.30,88,00:09:09,29.6,23747
100,I wanna Dst[ick]orv,2019.07.30,76,00:07:09,N/A,23598
101,I wanna be the Roze_L,2019.07.31,330,00:12:58,46.4,21004
102,I wanna pilipala biu～biu～,2019.07.31,222,00:27:41,31.8,18605
103,I wanna fa no word,2019.07.31,33,00:09:09,59.8,18121
104,I wanna be the poetic dance,2019.07.31,5,00:08:12,49.6,18120
105,I want Lollipop,2019.08.01,1781,00:56:51,50.7,11774
106,I wanna Jiongyohai,2019.08.02,238,00:24:08,32.1,12363
107,I wanna OVERSOUL,2019.08.02,135,00:10:25,N/A,23601
108,I wanna Cigarette,2019.08.03,305,00:28:57,36.6,18403
109,I wanna type well,2019.08.03,119,00:13:43,27.9,18402
110,I wanna deride Kotaro- from aslant,2019.08.03,94,00:16:32,29.7,18404
111,I want to freeze the you,2019.08.04,1071,00:40:18,47.9,18427
112,I wanna be the Umbrella,2019.08.04,248,00:47:04,26.7,21018
113,I wanna Traverse the Neon Rainbow,2019.08.08,3550,03:28:42,51.3,18791
114,I wanna N,2019.08.08,498,00:21:07,41.9,11653
115,I wanna eat corn,2019.08.08,237,00:18:14,24.2,16079
116,I wanna be the Flower frozen,2019.08.08,56,00:08:17,29.9,11959
117,新手向,2019.08.09,84,00:14:43,21.0,17623
118,I wanna be the Alphabet,2019.08.09,24,00:06:20,33.8,10546
119,I wanna be the ORE TUEEEEE!!!,2019.08.09,1,00:01:30,3.4,10980
120,I wanna be the 120 dreams Easy,2019.08.10,373,00:30:07,55.4,18868
121,I wanna be the easiest!,2019.08.11,350,00:38:58,34.0,17706
122,Discord,2019.08.11,111,00:15:42,31.6,19111
123,I wanna walker,2019.08.11,106,00:50:50,31.0,16975
124,Christmas Girls,2019.08.11,103,00:13:42,34.2,19283
125,Lover in the Dark,2019.08.11,97,00:11:14,30.5,19361
126,Heartmender,2019.08.11,45,00:09:22,25.6,19560
127,Solnyshko,2019.08.11,40,00:10:47,31.9,19130
128,Big Coat,2019.08.11,9,00:03:20,19.3,19450
129,I wanna Ayayayayaya,2019.08.12,719,00:53:08,47.6,17633
130,Iwanna Glacial,2019.08.12,137,00:09:45,30.0,23748
131,I wanna trial the simple needle,2019.08.12,135,00:10:58,31.6,17511
132,I wanna be the Dife,2019.08.13,551,00:23:02,55.8,10666
133,I wanna one attack in soul easy,2019.08.13,184,01:14:16,34.6,15768
134,I wanna Limitless,2019.08.13,61,00:05:39,26.2,21043
135,I wanna be the Neon,2019.08.15,881,00:54:20,46.6,12049
136,I wanna be the Neon 2,2019.08.18,1074,01:34:51,47.3,12050
137,I wanna be the Amethyst,2019.08.18,542,00:28:31,38.2,15326
138,I wanna be the Emerald,2019.08.18,318,00:19:23,39.9,15775
139,I wanna go through the labyrinth,2019.08.18,0,00:07:39,2.0,21543
140,I wanna be the Dreamcatcher,2019.08.19,255,00:59:09,35.0,15092
141,I wanna be the Venus,2019.08.20,1467,01:00:08,58.4,14705
142,I wanna be the Jupiter,2019.08.20,111,00:04:45,37.2,15624
143,I wanna Quaint,2019.08.21,198,01:03:35,36.7,14842
144,I wanna be a good xiao yang,2019.08.21,0,00:01:46,13.4,16812
145,I wanna be the Chokochoko,2019.08.21,0,00:00:53,6.4,10610
146,I wanna tell you,2019.08.22,1582,01:50:13,8.0,19149
147,I wanna taste my sorrow,2019.08.22,454,00:18:31,60.0,16813
148,I wanna be the Very easy game,2019.08.22,0,00:02:12,2.8,11207
149,I wanna be the Tripper,2019.08.27,441,01:26:17,38.4,11191
150,I wanna be the Kataribe,2019.08.29,741,02:39:28,34.2,17727
151,I Wanna ABSOLUTELY DESTROY the Mini-Stakes,2019.08.29,161,00:07:06,30.4,21122
152,I Wanna ...,2019.08.29,132,00:09:54,27.5,21123
153,I wanna eat loli and fish,2019.08.30,504,00:18:13,56.2,18123
154,I wanna celebrate Dayuan's birthday,2019.08.30,221,00:17:37,39.7,18602
155,I wanna conquer the blow game 3,2019.08.30,192,01:43:43,31.6,14744
156,I wanna suspend in the sky 2,2019.08.31,2137,02:11:31,48.7,15325
157,I Wanna p!mp!n Needle,2019.08.31,467,01:13:51,44.7,19512
158,SHIFT Kid,2019.08.31,304,00:35:34,43.4,21125
159,I wanna be the Fresh day,2019.09.01,497,00:37:33,46.5,16094
160,I Wanna Fleeting Pink,2019.09.03,150,00:27:14,33.0,21130
161,I wanna trial the 100trap,2019.09.04,1093,01:09:15,70.9,11732
162,I wanna be the AutumnWater spike,2019.09.04,298,00:23:16,40.6,18601
163,BOOST Kid,2019.09.05,346,00:26:57,33.3,21133
164,I wanna be the AM02;00,2019.09.08,30,00:08:46,35.0,18439
165,I wanna be the AM03;00,2019.09.08,15,00:04:31,23.7,18421
166,I wanna be the aq spike,2019.09.09,1959,02:04:08,56.7,16103
167,I Wanna Uhuhu Spike,2019.09.09,1155,01:10:53,46.9,14707
168,I Wanna Uhuhu Spike 2,2019.09.09,654,00:40:23,49.8,14708
169,I wanna QoQoQo,2019.09.10,1926,04:06:00,57.4,12449
170,I wanna be the Aisaka,2019.09.10,663,01:12:42,46.3,15126
171,I wanna say happybirthday to xiaozoulv,2019.09.10,454,00:33:26,32.5,17712
172,I wanna be the baptismal,2019.09.11,977,00:54:19,46.6,16799
173,I wanna beat the zoulv spike,2019.09.11,892,01:03:36,51.5,18684
174,Chill Needle,2019.09.11,252,00:11:22,39.3,19944
175,I Wanna Enjoy the Stimulated Strawberry Lollipop Dandy,2019.09.12,2336,02:31:45,58.2,18846
176,I wanna Bye Bye spike3,2019.09.12,861,00:33:20,53.1,18297
177,I wanna be the Kanon,2019.09.12,268,00:31:21,32.7,14710
178,I wanna gensoukyo easy ver,2019.09.13,568,00:34:27,46.8,-1
179,I wanna be the Sapphire,2019.09.15,462,00:26:32,44.8,18564
180,I wanna be the 0x00FF00,2019.09.16,2422,01:20:53,56.7,15465
181,I wanna SATAN NEEDLE,2019.09.17,1171,00:24:09,51.3,16833
182,I wanna not to miss you,2019.09.17,156,00:27:28,37.7,15088
183,I wanna be the Shooting Star,2019.09.17,71,00:03:54,34.2,16218
184,I wanna be the Four seasons,2019.09.18,456,00:34:24,46.1,14911
185,I wanna be the Lucien Needle,2019.09.18,288,00:33:11,38.2,17592
186,EchoVision,2019.09.20,102,00:19:47,27.9,18425
187,I wanna VANILLA,2019.09.20,87,00:26:49,26.6,17887
188,I wanna be the Cellular,2019.09.21,771,00:17:42,37.0,16832
189,I wanna see the Arctic sky,2019.09.21,125,00:21:07,39.3,11702
190,I wanna play the cheapest game,2019.09.22,1461,00:46:12,N/A,19945
191,I Wanna Temporal Spire,2019.09.23,487,00:36:44,41.7,19868
192,I wanna play the Rubber Trap,2019.09.25,49,00:30:46,19.4,11677
193,Radiant　Needle,2019.09.26,60,00:04:51,28.6,20134
194,I wanna 花式F阶,2019.09.27,484,00:09:23,N/A,17603
195,Snoel Extend Needle,2019.09.27,203,00:20:38,46.2,18465
196,I wanna be the ねたぷれいやー,2019.09.27,0,00:01:49,N/A,17906
197,I Wanna Escape The Darkness World,2019.09.28,778,00:22:47,47.8,21163
198,I wanna challenge Kamirin,2019.09.28,589,02:42:44,47.7,12262
199,I wanna Crayon,2019.09.28,394,00:31:16,37.2,17338
200,I wanna be the lovely ⑨,2019.09.29,605,00:49:59,43.5,17616
201,I wanna be the Ceiling fan,2019.09.30,285,00:20:39,45.3,11900
202,I wanna be the Fidelity,2019.10.01,1006,00:25:46,52.3,10716
203,I wanna be the Fx,2019.10.01,331,00:21:24,52.7,10743
204,I wanna love sharon,2019.10.01,254,00:21:25,59.9,15285
205,I wanna P,2019.10.02,827,00:11:45,55.4,11663
206,I wanna PD Happy,2019.10.02,116,00:06:12,35.2,12432
207,I wanna be the Partysu II,2019.10.03,1224,01:11:02,54.0,15711
208,I wanna practice my ability,2019.10.03,746,00:33:57,54.5,16567
209,I wanna be the Partysu,2019.10.03,415,00:18:24,45.2,15020
210,I wanna be the Arcfox Needle,2019.10.04,7804,07:47:19,66.4,17930
211,I wanna eat Sheep spike,2019.10.06,846,00:45:06,51.7,12302
212,I wanna fafafafafafafasheep!!,2019.10.06,671,00:42:17,60.0,16081
213,I wanna eat Sheep spike 3,2019.10.06,495,00:34:04,49.3,12304
214,I wanna rely the Needle 2,2019.10.08,730,00:41:06,54.5,16986
215,I wanna rely the Needle 3,2019.10.08,550,00:31:39,45.0,17545
216,I wanna rely the Needle 4,2019.10.11,327,00:27:13,41.5,18497
217,My Love Letter To Fangames Volume 1: Venus,2019.10.13,756,00:36:54,53.7,21222
218,I wanna Play the Nekogami Spike!,2019.10.13,453,00:12:42,49.3,19983
219,Happy Birthday To 小代码,2019.10.13,185,00:29:14,42.3,21322
220,Syatyotyo,2019.10.13,24,00:04:07,28.1,21220
221,I wanna go the 7 colors,2019.10.14,491,00:37:38,56.3,21223
222,I wanna TKTU spike2,2019.10.15,152,00:11:35,42.0,15780
223,amber ptcop sm28533201,2019.10.15,131,00:08:38,33.1,21226
224,I wanna Stay Away From Hardship,2019.10.15,83,00:09:48,28.6,21306
225,I wanna Stay Away From Hardship 4,2019.10.15,69,00:08:27,28.5,21309
226,November 2012,2019.10.15,63,00:04:40,22.3,21227
227,I wanna Stay Away From Hardship 3,2019.10.15,51,00:07:12,30.6,21308
228,I wanna Stay Away From Hardship 2,2019.10.15,41,00:06:41,28.8,21307
229,I wanna Stay Away From Hardship 6,2019.10.15,18,00:04:23,27.0,21311
230,I wanna Stay Away From Hardship 5,2019.10.15,8,00:03:44,27.0,21310
231,I wanna be the Mason,2019.10.18,1330,01:33:31,53.6,17551
232,I wanna be the NMN II,2019.10.19,2694,01:46:00,55.0,15500
233,I wanna Magical,2019.10.19,1510,00:57:45,57.6,12409
234,I wanna while hearing a piano spike game,2019.10.20,384,00:22:21,37.8,15925
235,i wanna see the Polaris,2019.10.20,348,00:40:49,43.3,20867
236,I Wanna Make the Marathon Needle,2019.10.22,1276,01:05:53,48.7,17288
237,I wanna carry away kaisou,2019.10.22,127,00:08:54,51.2,19370
238,I wanna play the Needle game,2019.10.23,1669,01:13:42,61.1,12439
239,"SilentNight,Happybirthday!",2019.10.25,1055,01:16:48,52.5,21240
240,I destroy imagination Game of the needle,2019.10.26,183,00:14:22,35.6,17019
241,Happy Birthday to SilentNight,2019.10.26,86,00:04:27,34.3,22443
242,Serotonin,2019.10.30,838,01:00:10,56.0,21254
243,I wanna hold the Needle,2019.10.31,723,01:01:09,52.2,18349
244,I wanna Trick or Treat,2019.11.01,1113,00:59:49,51.5,15544
245,I wanna be Gray,2019.11.01,1003,00:59:40,51.5,16898
246,Wish me luck 2,2019.11.02,83,00:21:42,29.9,21260
247,I want to harvest the potato,2019.11.04,536,02:02:25,60.0,18913
248,I wanna suspend in the sky,2019.11.05,770,00:50:11,52.0,15252
249,I wanna be the colorless sorrow easy ver,2019.11.09,135,00:20:12,36.3,17546
250,I wanna boom the Yukorin,2019.11.10,1896,01:31:42,61.1,12242
251,Cherry Maruko,2019.11.12,102,00:18:16,33.2,21282
252,I wanna be the colorless sorrow 2,2019.11.13,977,01:05:18,54.8,17588
253,Trail Set,2019.11.18,2,00:03:45,18.2,21443
254,I wanna destroy the mercury,2019.11.19,322,00:53:53,45.3,17599
255,Arklight,2019.11.22,1269,02:43:17,58.0,21291
256,I wanna be the 25 trap,2019.11.22,150,00:14:14,43.3,10528
257,I wanna be the Nyx,2019.11.25,554,00:21:52,53.1,21055
258,I wanna be with you 2,2019.11.26,897,01:13:29,49.3,17890
259,i wanna FQ2 ez ver,2019.11.26,178,00:30:22,N/A,23595
260,I wanna uplift the needle,2019.11.27,644,00:49:18,50.9,19015
261,I wanna be the Krypton,2019.11.29,1698,01:48:52,53.2,20521
262,I wanna Neonize the Needle,2019.11.29,1322,01:54:09,53.3,16229
263,I wanna be a creator,2019.11.30,1091,00:58:36,52.0,20550
264,I wanna clear 50 neon floors,2019.12.01,2080,02:17:47,57.5,15473
265,I wanna Aurum,2019.12.02,949,00:32:15,54.1,21339
266,Untitled40,2019.12.02,337,00:36:48,43.5,18655
267,I wanna be the poetic dance,2019.12.03,514,00:54:09,49.6,18120
268,ネタ切れ,2019.12.04,974,00:43:40,56.6,19811
269,I wanna fall into the snow,2019.12.04,502,00:29:24,51.1,17012
270,I wanna escape the Colorless Dimension,2019.12.05,2038,00:49:52,62.0,12313
271,I wanna colorize the needle,2019.12.05,684,00:42:32,50.8,15095
272,Best bye to the silent present,2019.12.06,2813,02:54:14,53.9,21094
273,I wanna be Cyan - easy,2019.12.06,684,00:34:59,55.6,17032
274,Untitled Xe,2019.12.07,582,00:34:58,50.5,21481
275,I wanna break the Neon Miku,2019.12.07,334,00:37:49,44.3,16573
276,I wanna kantoku colors,2019.12.08,5443,02:06:17,63.9,16825
277,I Wanna be the Ooner,2019.12.08,177,00:06:35,42.3,21357
278,I wanna uhuhu spike 3,2019.12.09,880,00:39:18,59.7,14703
279,I wanna be the Xoner,2019.12.09,766,00:25:46,53.4,20493
280,I wanna be the Kantoku,2019.12.09,495,00:13:53,49.7,16827
281,I wanna best the needle 2,2019.12.10,839,00:54:05,52.1,18674
282,I wanna best the needle,2019.12.10,431,00:35:59,43.2,18596
283,I wanna best the needle 4,2019.12.11,677,00:54:49,49.5,18850
284,I wanna best the needle 3,2019.12.11,224,00:25:56,40.6,18721
285,I wanna Little Trap,2019.12.11,116,00:28:27,20.6,21365
286,I wanna break the silence 2,2019.12.13,1305,01:44:28,50.2,20597
287,I wanna destroy the Sirius,2019.12.13,606,00:57:27,57.5,18899
288,I wanna best the 50 floors,2019.12.14,2576,02:53:48,58.1,19039
289,I wanna break the silence 3,2019.12.14,1975,02:04:29,56.1,20994
290,I wanna destroy the pluto,2019.12.15,626,01:27:54,54.2,18337
291,Pink,2019.12.15,149,00:09:12,38.3,20607
292,I wanna enjoy the Electrified Butterscotch Dandy,2019.12.16,1079,01:03:40,54.5,18530
293,I wanna enjoy the Galvanized Peppermint Dandy,2019.12.16,943,00:59:04,53.6,18711
294,I wanna Especial,2019.12.17,874,00:50:17,51.9,17759
295,I Wanna DO It,2019.12.17,812,00:23:28,50.6,21372
296,I wanna line needle,2019.12.17,309,00:16:53,47.0,20678
297,I wanna go the JUN-G World,2019.12.17,146,00:22:35,33.1,18758
298,I wanna enjoy the JUN-G SPIKE -Easy Edition-,2019.12.17,63,00:07:47,38.5,19164
299,I wanna be the No Spike,2019.12.17,14,00:02:57,26.0,21356
300,I wanna be the No Spike 2,2019.12.17,1,00:00:59,11.3,21375
301,I wanna give Q to play,2019.12.19,1115,01:28:04,58.5,15910
302,I wanna go the 7 colors 2,2019.12.21,794,01:02:25,N/A,21385
303,I Wanna Be The Needle Crab,2019.12.22,1002,01:22:52,52.9,21391
304,~(=^¥⨎Ö¥^)⨎Õ,2019.12.22,408,00:17:57,45.9,19178
305,I wanna be the Crossing area,2019.12.22,137,00:26:47,50.5,21242
306,I wanna be the 3200min,2019.12.23,505,00:53:16,43.2,10537
307,I wanna be the Saturn,2019.12.23,441,00:23:40,59.2,14843
308,I Wanna fa Qs,2019.12.24,1225,01:01:55,50.0,21394
309,indigo needle,2019.12.24,111,00:17:11,36.0,15634
310,I wanna be the Strongest Fairy,2019.12.24,44,00:11:52,26.8,16263
311,I wanna fa no word,2019.12.25,665,01:14:13,59.8,18121
312,I Wanna Sertraline,2019.12.26,423,00:31:16,50.7,21396
313,Happy birthday to erque,2019.12.27,274,00:21:21,46.3,22669
314,I wanna be the Mars,2019.12.28,2217,02:01:42,63.3,17557
315,I wanna ↔,2019.12.28,654,00:06:34,55.8,21318
316,Colors,2019.12.29,646,00:30:25,56.3,17536
317,I wanna ℞,2019.12.29,568,00:06:22,60.0,21397
318,XIFT,2019.12.30,N/A,01:57:06,57.4,18938
319,I wanna Athletic needles,2019.12.31,1050,00:06:47,56.5,11428
320,I Wanna EZL,2019.12.31,740,00:16:34,52.3,19840
321,I wanna Athletic needles(easy),2019.12.31,421,00:03:22,41.4,14902
322,Thanks For 2019 - Thanks for I wanna!!,2019.12.31,16,00:09:17,25.8,21420
323,I wanna Challenge you,2020.01.01,702,00:42:22,54.9,12264
324,I Wanna be the Butterfly Effect,2020.01.01,567,00:17:06,50.8,21423
325,I wanna be the Ingenuity,2020.01.02,288,00:03:56,60.4,17928
326,I wanna give you an Easy Game,2020.01.02,66,00:07:38,48.3,12341
327,There's no reason to say L,2020.01.03,390,00:13:48,60.6,18627
328,i wanna be a twinkle star,2020.01.03,275,01:32:17,30.5,20504
329,I wanna give you an Easy Game 2,2020.01.03,118,00:11:56,35.8,12342
330,I wanna be the Make Hardest Fangame,2020.01.04,2599,01:36:10,61.9,19018
331,I wanna be the Monochrome Perception,2020.01.04,1637,01:28:18,70.0,18760
332,I Wanna EZL 2,2020.01.04,1629,00:41:31,57.9,20387
333,I wanna travel in the sky,2020.01.06,487,00:37:50,N/A,17710
334,I wanna shoot the switches,2020.01.06,347,00:08:30,53.8,21150
335,20161029大触竞技,2020.01.06,69,00:10:14,N/A,-1
336,I wanna Cooperation,2020.01.07,1472,00:57:26,53.5,19187
337,I wanna be the Document,2020.01.07,1390,00:31:40,64.7,21011
338,I Wanna Reach the Exit 2！,2020.01.09,525,01:01:35,47.8,20600
339,I Wanna Reach the Exit!,2020.01.09,170,00:15:41,44.1,20496
340,I Wanna Reach the Exit 2.5,2020.01.10,606,00:52:11,43.9,20965
341,I wanna be the Phallophobia,2020.01.10,542,00:28:47,55.1,12066
342,I wanna sheep 100,2020.01.11,1446,03:39:19,55.1,14749
343,I wanna bengdabeng,2020.01.12,3009,03:34:02,59.2,18595
344,i've promulgated the clandestine needle,2020.01.12,783,00:45:25,58.8,20717
345,I wanna pass the 32px game,2020.01.12,741,00:17:17,48.6,18399
346,I wanna Remember my lovely Cat,2020.01.12,47,00:06:50,32.8,21452
347,I wanna be the Fluffy Butterfly,2020.01.13,1531,00:28:29,57.8,21407
348,I wanna be the Earth,2020.01.15,1131,01:39:39,61.0,18897
349,I wanna IDFK,2020.01.15,1037,00:15:04,61.7,21120
350,2009 Needle Hole,2020.01.15,249,00:09:22,48.1,21475
351,I Wanna LoveSpike,2020.01.15,92,00:07:37,32.1,19874
352,I wanna fa ji ba niao game,2020.01.16,238,00:32:19,N/A,23631
353,I wanna be the Neptune,2020.01.16,12,00:03:13,54.3,15103
354,I Wanna Make the Marathon Needle 2,2020.01.17,949,01:11:10,53.3,19226
355,I wanna explore Atlantis with Chrisay,2020.01.17,480,01:27:46,45.1,21474
356,I wanna contact with spikes,2020.01.17,341,00:15:24,55.7,15244
357,I Wanna Buy a Nintendo DS Lite,2020.01.17,140,00:05:34,35.4,21431
358,CRT Needle,2020.01.17,128,00:12:07,48.7,21468
359,I wanna !!!!!!! Spike (demo),2020.01.17,112,00:08:08,N/A,-1
360,I wanna JJ,2020.01.18,648,00:21:29,53.3,15677
361,I wanna love the Spike,2020.01.18,520,00:17:54,56.3,11622
362,I wanna be the Strong spike3 Last Edition,2020.01.18,430,00:47:04,56.0,17343
363,I wanna be the 人間,2020.01.18,61,00:03:00,48.4,11349
364,I wanna be the Strong spike2,2020.01.19,910,00:58:22,51.9,15308
365,I wanna be the Tori Another,2020.01.19,698,00:18:14,52.8,21199
366,I wanna be the Tori Another Plus,2020.01.20,647,00:14:35,60.0,21343
367,I wanna be the Archfoe,2020.01.21,2408,00:43:49,69.7,10552
368,T h e  M a s t e r  o f  S h a d o w s,2020.01.21,4,00:00:45,8.0,21334
369,I wanna be ice fan,2020.01.23,1335,00:23:13,73.4,17396
370,Spring is Coming,2020.01.24,871,00:56:05,53.0,21491
371,I wanna back the spikes,2020.01.25,306,00:16:10,52.6,17994
372,I wanna get the gold ingots,2020.01.25,131,00:16:05,42.6,21507
373,I Wanna Wave,2020.01.25,83,00:05:19,36.5,20350
374,3 Traps in 1 room,2020.01.25,78,00:23:20,26.7,21506
375,I Wanna Question Mark,2020.01.26,795,00:35:28,56.3,19569
376,I Wanna Make Something,2020.01.26,89,00:05:24,49.6,20080
377,I wanna Diminish the Colors,2020.01.27,770,00:55:28,56.1,17465
378,I wanna eat the ER,2020.01.27,52,01:06:58,26.5,11508
379,I wanna kill the Yamichan,2020.01.28,45,00:04:04,44.0,21502
380,Lonely Rabbit Spike,2020.01.29,1604,00:58:45,66.3,21070
381,I wanna be the the the the the the the,2020.01.29,595,00:46:23,48.7,21512
382,I wanna eat the Mysterious xob,2020.01.29,43,01:03:07,27.2,11511
383,I Wanna ¿(super nerfed),2020.01.29,11,00:01:04,N/A,-1
384,I wanna eat the Stuffed Animal,2020.01.29,3,00:14:36,27.5,11515
385,I wanna be the Kagurk,2020.01.30,658,00:36:45,57.6,21516
386,I wanna eat the Rori Girl,2020.01.30,15,00:26:50,16.9,11514
387,Cerulean,2020.01.31,241,00:21:21,49.5,21517
388,Iwanna a Girl Of The Sky,2020.01.31,32,00:04:09,35.1,23753
389,Jushi Needle 2020,2020.02.01,426,00:32:53,54.8,21532
390,VoVoVo,2020.02.02,3857,07:06:24,59.0,21202
391,I Wanna Really Easy 4,2020.02.02,64,00:17:55,45.2,21531
392,AsTatine,2020.02.03,1098,02:02:35,69.7,18903
393,A I wanna,2020.02.03,2,00:00:34,20.3,21541
394,I wanna say Hi,2020.02.04,1309,01:27:46,58.0,21534
395,I wanna be the Second Needle,2020.02.04,398,00:21:28,67.0,23544
396,I wanna 短流程跳刺,2020.02.04,305,00:38:31,N/A,-1
397,I wanna go across the Crimson Rainbow,2020.02.05,2934,01:30:02,68.3,11566
398,I wanna Lazy Needle,2020.02.05,1461,01:09:22,62.6,14912
399,Not Another VVVVVV Game,2020.02.06,1066,01:48:42,53.0,20458
400,Best bye to 2019,2020.02.06,348,01:38:19,58.2,21528
401,I wanna one attack in soul,2020.02.08,3135,05:58:22,68.9,15767
402,I wanna round around,2020.02.08,151,00:32:21,48.0,17894
403,I Wanna Be The Derivatives,2020.02.09,709,00:22:16,75.0,21470
404,I wanna damn the Daniel II,2020.02.09,435,00:41:30,53.4,20502
405,I wanna be the kingdom,2020.02.09,134,00:08:17,45.0,21539
406,I wanna be the Catharsis,2020.02.10,1951,01:08:13,66.5,11899
407,I wanna Elixir,2020.02.10,653,00:16:21,53.7,21119
408,I wanna be the 最後の針雪,2020.02.10,536,00:06:08,60.0,17749
409,I wanna be the 針雪３,2020.02.10,492,00:07:06,54.3,17747
410,I wanna be the 針雪２,2020.02.10,419,00:06:31,54.3,17746
411,I wanna be the 針雪,2020.02.10,342,00:07:06,54.2,17748
412,i wanna FA HE!!!,2020.02.10,260,00:18:45,N/A,23630
413,Summer Feast Needle Bliss,2020.02.12,4974,06:15:56,66.9,20226
414,Chill Needle 2,2020.02.13,1604,02:25:08,58.2,20850
415,I hate this i wanna!,2020.02.13,7,00:06:24,32.5,21560
416,I wanna enjoy the afternoon,2020.02.13,422,00:23:07,60.5,21555
417,I wanna sunworld 3,2020.02.14,77,00:44:01,32.0,25315
418,I wanna purify(special content),2020.02.15,302,00:26:13,N/A,24902
419,I wanna be the Kaleidoscope,2020.02.15,141,00:59:42,46.3,15698
420,I wanna be the Vidro,2020.02.15,58,00:12:13,38.8,16234
421,I wanna eat the Book,2020.02.16,116,02:39:37,26.5,11506
422,Little Ice,2020.02.17,255,00:15:57,50.3,21565
423,Slice of Life Needle,2020.02.19,405,00:54:18,51.3,21567
424,Mauve Needle,2020.02.20,828,01:04:34,63.4,21577
425,I wanna purify 4,2020.02.20,167,00:19:50,45.3,20225
426,he,2020.02.20,96,00:07:37,35.3,21278
427,wifie50,2020.02.21,2073,02:04:42,68.5,20967
428,I wanna beat lm spike,2020.02.21,390,00:05:14,50.0,18515
429,2 ekips uhuhu eht eb annaw I,2020.02.22,279,00:25:53,47.9,17858
430,I wanna eat canlan cut cut,2020.02.22,236,00:21:21,42.0,16080
431,I wanna Bye Bye spike2,2020.02.22,138,00:09:36,40.8,17020
432,I wanna Bye Bye spike,2020.02.22,70,00:07:04,35.1,15928
433,I wanna beat the Cactus jump,2020.02.22,1,00:00:10,61.6,12210
434,I wanna break through Seven trials,2020.02.23,3457,01:16:08,70.7,11449
435,Spice of Life Needle,2020.02.25,1308,01:32:59,61.0,21586
436,I wanna (^^),2020.02.25,1268,00:35:43,64.6,21584
437,I wanna escape from the Needle Land,2020.02.25,670,00:30:16,47.1,15076
438,Violet,2020.02.25,161,00:14:21,47.0,21582
439,monSpike,2020.02.26,262,00:21:51,53.8,21589
440,I wanna Gnol,2020.02.27,521,00:46:34,56.2,14671
441,sss needle,2020.02.27,360,00:21:17,54.6,21591
442,I Wanna Go The Magic Needle,2020.02.27,13,00:02:54,22.1,21588
443,I Wanna be the Needle Satan,2020.02.28,3841,02:32:08,72.0,14690
444,Oaildlo Needle,2020.02.29,1161,01:45:38,55.3,20410
445,I wanna be the Common Spike 2,2020.02.29,797,00:47:29,56.6,19118
446,The Great And Powerful Normal Player,2020.02.29,224,00:22:04,42.9,21595
447,I wanna be the cream needle (bug?),2020.02.29,0,00:01:05,N/A,-1
448,I wanna go the Attikotti,2020.03.02,103,00:36:28,41.0,18459
449,Refine needle,2020.03.03,163,00:14:29,45.3,21602
450,You Suffer,2020.03.03,45,00:01:11,26.0,21454
451,Blackish Green,2020.03.04,399,00:31:35,N/A,21605
452,I wanna 7121 needle,2020.03.07,2129,01:20:00,65.3,21613
453,I wanna Advent,2020.03.07,793,00:31:29,53.9,17419
454,Sky needle,2020.03.08,966,01:29:13,56.2,21620
455,I Wanna Kind Needle,2020.03.08,45,00:06:14,35.3,21603
456,I wanna Empyreal spike,2020.03.09,306,00:31:14,49.5,21623
457,I wanna be Sure in You,2020.03.10,27,00:02:08,35.0,16894
458,I Wanna Mayuri Spike 2,2020.03.11,1053,01:10:43,64.0,19876
459,LevelUpper,2020.03.11,25,00:10:37,27.4,14849
460,I wanna be the nurtrious spike3.0,2020.03.12,314,00:17:50,N/A,-1
461,I wanna Wake Up,2020.03.12,284,00:42:44,42.6,12502
462,I wanna be the Friendly Needle,2020.03.12,234,00:12:28,54.5,15120
463,Gemi Spike 2,2020.03.12,117,00:12:35,45.0,18748
464,I wanna Keep Celebrating for Xia,2020.03.13,14,00:03:44,23.5,21633
465,Do Morning Exercises,2020.03.14,56,00:13:53,21.3,21659
466,Way of a needle following forever,2020.03.15,5527,05:08:31,61.4,16875
467,LemonSpikes,2020.03.17,119,00:08:36,45.8,19654
468,I wanna be the Crimson ripoff,2020.03.17,5325,07:14:48,68.4,14725
469,Needle needle,2020.03.17,446,00:31:51,52.0,21666
470,I wanna 1 screen II,2020.03.19,859,00:24:05,71.8,16296
471,I wanna climb the Witch's Tower,2020.03.19,1902,02:11:41,61.9,18589
472,I wanna Weave Through the Witch's Needle,2020.03.20,1936,02:11:34,65.9,18424
473,I wanna after these needles,2020.03.21,255,00:06:57,48.3,17674
474,I wanna defeat the Walljumps,2020.03.21,341,00:10:32,65.0,20839
475,Untitled55,2020.03.22,193,00:12:54,48.5,18838
476,Untitled54,2020.03.22,137,00:15:54,46.0,18837
477,I wanna Listen to my favorite songs,2020.03.24,78,00:17:28,N/A,17952
478,Untitled06,2020.03.24,366,00:36:45,58.9,19916
479,untitled13,2020.03.24,445,00:28:37,54.1,20566
480,Untitled35,2020.03.24,121,00:19:50,44.6,18600
481,Untitled46,2020.03.24,355,00:17:59,47.3,18797
482,Untitled73,2020.03.25,161,00:15:26,43.0,19466
483,Untitled44,2020.03.27,707,00:42:26,49.0,20243
484,I wanna find different traps,2020.03.28,106,00:17:16,36.7,22610
485,I wanna be the needle test!!,2020.03.29,872,00:26:16,63.4,18500
486,I wanna stop the Stars,2020.03.29,N/A,N/A,45.5,12483
487,Sadness needle,2020.03.30,108,00:09:33,44.5,21708
488,I wanna Princess Connect,2020.04.01,416,00:23:14,74.0,21711
489,I Wanna Boom the Yukorin Twice,2020.04.01,500,00:29:32,64.4,21710
490,Untitled20γ,2020.04.02,80,00:08:31,44.0,21262
491,I wanna Awful Needle,2020.04.05,965,01:06:33,63.1,17483
492,I wanna go the trap way,2020.04.05,188,00:37:06,30.9,17809
493,I wanna go the Trap Way 2,2020.04.07,167,01:12:14,34.1,18394
494,I wanna be the Xylem,2020.04.08,352,01:25:47,36.5,16152
495,I wanna Awful needle 2,2020.04.10,1470,01:58:40,61.1,17492
496,I wanna whisper in mirror,2020.04.12,277,00:27:47,57.7,20137
497,I wanna defend for myself 2,2020.04.12,614,00:37:43,44.0,22956
498,I Wanna 8-),2020.04.13,107,00:13:04,36.3,15487
499,I wanna Awful Needle 3,2020.04.13,852,01:02:36,65.6,17517
500,I wanna shiver,2020.04.15,5007,05:56:19,73.4,19534
501,I wanna beat the black needle,2020.04.15,189,00:14:35,55.1,19655
502,I wanna be the limit-jumper,2020.04.17,37,00:05:14,45.0,18513
503,I wanna Stay Away From Hardship 7,2020.04.17,7,00:03:50,27.8,21312
504,I wanna Stay Away From Hardship 8,2020.04.17,5,00:04:05,26.8,22670
505,I wanna Stay Away From Hardship 9,2020.04.17,7,00:04:39,32.0,22988
506,I wanna come up with a name 2,2020.04.19,284,00:34:04,64.2,17929
507,Some Needle Experiment 3,2020.04.19,680,00:56:44,63.0,21093
508,I wanna say ...,2020.04.19,969,00:54:22,63.5,21767
509,I Wanna Lisdexamfetamine,2020.04.21,1511,01:27:42,63.3,21764
510,I wanna get the Rainbow feather,2020.04.21,187,00:42:37,27.1,11562
511,I wanna Relax with Needle,2020.04.21,146,00:18:51,43.2,21765
512,I wanna insult the maker,2020.04.22,26,00:04:57,26.8,17986
513,I wanna Farc spike,2020.04.23,776,00:17:53,61.7,15014
514,I wanna travel the needle world,2020.04.24,122,00:14:38,46.3,21776
515,Happy Birthday to Misu,2020.04.24,27,00:08:00,N/A,22193
516,！,2020.04.25,248,00:24:11,49.8,21778
517,Deliriant Needle,2020.04.25,103,00:09:58,52.0,20202
518,I wanna give the cat some acid,2020.04.26,539,00:30:13,57.2,14935
519,I wanna boom boom boom,2020.04.27,448,00:27:49,50.7,17671
520,I wanna reach Heaven,2020.04.28,1760,02:55:00,60.9,12453
521,I wanna Lazy Needle 2,2020.04.28,1292,01:04:41,66.3,14949
522,I wanna be the Noodle Loon 2,2020.05.01,1761,01:24:19,61.8,17445
523,I wanna be the Noodle Loon 3,2020.05.01,2963,02:53:11,66.0,18653
524,I wanna be the Limp Noodle,2020.05.02,478,00:30:20,54.3,17780
525,Comfort Needle,2020.05.03,248,00:13:39,55.6,21217
526,I Wanna Augment the Loon's Noodle,2020.05.03,916,01:08:56,61.5,19473
527,I wanna be the Noodle Loon,2020.05.04,841,01:07:23,60.8,17272
528,I wanna S Needle,2020.05.05,177,00:04:31,48.2,12465
529,I wanna be Minimal,2020.05.05,350,00:44:41,49.5,12183
530,I wanna be the Tethys,2020.05.05,322,00:26:57,58.7,15299
531,Untitled37,2020.05.05,266,00:32:48,54.0,18642
532,Untitled49,2020.05.06,154,00:13:07,45.3,18863
533,Untitled14α,2020.05.06,276,00:26:07,49.1,20077
534,I Wanna Defeat the Discord Makers: FM Side,2020.05.06,820,00:52:07,62.4,20912
535,I wanna be the effluence,2020.05.06,1372,01:40:40,63.0,21258
536,Untitled70,2020.05.07,126,00:12:07,42.5,20675
537,Untitled76,2020.05.07,986,00:52:10,57.0,19776
538,Untitled74,2020.05.07,693,00:40:16,61.0,19595
539,Untitled14β,2020.05.07,372,00:25:39,56.0,20078
540,Untitled27,2020.05.08,235,00:19:06,60.4,20079
541,Untitled53,2020.05.10,103,00:12:42,50.9,18836
542,Collection 1,2020.05.12,1186,01:17:50,60.7,21812
543,I wanna L,2020.05.12,997,00:08:36,69.5,11614
544,I wanna be the Crypt,2020.05.14,751,00:43:30,58.0,15727
545,I wanna play the Devil blow game2,2020.05.17,82,00:05:51,55.7,11669
546,I wanna play the Devil blow game,2020.05.17,5,00:02:10,38.0,11668
547,I wanna purify 3,2020.05.17,111,00:15:25,42.9,20224
548,i wanna purify 2,2020.05.17,633,00:54:23,58.4,20015
549,I wanna Stay Away From Hardship 10,2020.05.18,9,00:05:32,29.8,23147
550,Enantiosis,2020.05.20,981,00:59:00,62.0,18703
551,I wanna Andromeda,2020.05.22,283,00:18:10,52.0,19626
552,I wanna beat the junk needle,2020.05.22,152,00:08:24,48.3,19553
553,I wanna beat the junk needle 2,2020.05.22,69,00:06:39,46.5,19554
554,I wanna beat the junk needle 3,2020.05.22,46,00:06:02,41.9,19555
555,I wanna be the good Hentai,2020.05.26,209,00:13:28,54.8,17896
556,Afterglow,2020.05.27,561,00:20:38,62.1,19478
557,I wanna be the Tegliem,2020.05.27,20,00:03:44,29.4,21861
558,Untitled17,2020.05.27,391,00:24:46,60.8,20702
559,I wanna be the 'x' where x/5=6.4,2020.05.28,807,01:03:17,62.2,17382
560,I wanna purify 9,2020.05.29,63,00:11:17,N/A,21302
561,I wanna purify 11,2020.05.29,100,00:13:18,38.5,21304
562,Sunny day,2020.05.30,3,00:04:58,27.9,21870
563,Iwanna Sallauphe,2020.05.30,13,00:03:49,37.7,23749
564,M series 1st,2020.06.02,418,00:20:27,65.5,19379
565,Awoken,2020.06.02,74,00:11:34,46.1,21038
566,I wanna thread the Needle,2020.06.03,4746,03:58:00,71.8,17290
567,I wanna be far from home,2020.06.03,1021,01:48:05,69.6,17792
568,I wanna crack the watermelon,2020.06.03,270,00:24:39,51.0,19184
569,I Wanna Jump The Needle,2020.06.03,401,00:29:23,63.0,23693
570,I wanna be the Poyotto Monster,2020.06.03,22,00:05:58,26.0,21881
571,I Wanna Be The Coolflowers,2020.06.04,1201,00:37:39,63.6,15323
572,I wanna A,2020.06.05,2081,00:51:23,73.9,15251
573,I wanna new fafa,2020.06.05,90,00:09:28,42.1,16256
574,I wanna destroy the mars Easy,2020.06.05,718,00:58:26,56.3,18598
575,I wanna be the M-God,2020.06.06,244,00:18:49,48.6,17510
576,Pigeon Needle 2020,2020.06.07,2422,02:57:12,69.4,21518
577,I Wanna Щ,2020.06.09,1827,00:40:55,72.7,21731
578,I wanna see a black light,2020.06.10,388,00:41:57,60.0,20713
579,Untitled Rn,2020.06.10,305,00:22:08,56.0,22313
580,I Wanna Feel Alive Again,2020.06.11,N/A,N/A,61.8,19603
581,That's the way we like it,2020.06.11,224,00:16:17,51.8,20725
582,I wanna Listen to Your Soul,2020.06.11,423,00:32:54,65.0,19574
583,I wanna get speed,2020.06.12,75,00:07:37,38.0,22953
584,I just want to align,2020.06.12,1361,01:33:55,62.6,18915
585,I Wanna Reject the Uhuhu,2020.06.14,511,00:26:05,54.9,21899
586,I wanna clear the Fifty Floors,2020.06.15,1864,02:25:55,67.1,17268
587,tiao_ci,2020.06.15,227,00:15:57,40.0,-1
588,ProMethium,2020.06.18,310,00:28:55,53.1,18891
589,I wanna thank Shadowlink57,2020.06.19,361,00:19:05,63.3,17036
590,I wanna be the Science Era,2020.06.19,1191,00:58:31,66.8,15501
591,I wanna SlimeTrap,2020.06.23,88,00:29:50,35.3,21158
592,I wanna be the Cradow,2020.06.23,1344,00:51:06,69.5,11911
593,I wanna Happy Birthday To You,2020.06.23,93,00:05:54,30.5,15506
594,I wanna be the diagonal practice map,2020.06.25,146,00:04:26,36.0,21825
595,I wanna be the Eris,2020.06.26,395,00:09:41,60.5,16318
596,I wanna be the stunt 3,2020.06.27,180,00:41:05,30.3,21964
597,I wanna Thank You Thenewgeezer,2020.06.28,1150,01:11:01,62.2,18365
598,I wanna Twist and Turn,2020.06.28,214,00:37:12,60.9,17031
599,I wanna Twist and Turn 2: The Twistening,2020.07.01,536,01:14:58,68.0,17457
600,I Wanna Appreciate the Wolf's Enthusiasm,2020.07.02,904,01:14:29,64.0,21118
601,I wanna see my Friend,2020.07.02,591,01:01:05,62.5,18501
602,I wanna qoqoqo 2,2020.07.03,2823,04:57:52,71.9,17025
603,I wanna be the Deregulation,2020.07.04,9,00:06:27,30.5,22066
604,Competitive tower climbing,2020.07.05,1388,01:12:37,63.2,21259
605,I wanna be the linearity,2020.07.05,195,00:24:22,44.1,20223
606,I Wanna Take Off The Hardship,2020.07.06,95,00:07:27,39.7,22385
607,I wanna be the Apollo,2020.07.06,660,00:25:57,63.0,21058
608,I wanna falou,2020.07.09,453,00:26:53,53.2,17815
609,I wanna be the KIKO,2020.07.09,394,00:30:05,N/A,17946
610,I wanna be the linearity 2,2020.07.10,381,00:54:43,42.6,21188
611,I Wanna Cuddle the Braixen,2020.07.12,756,00:52:31,68.2,20751
612,"Marie, Happy Birthday !",2020.07.18,499,00:40:42,52.2,22180
613,I Wanna Take the L,2020.07.18,507,00:12:07,49.2,22170
614,"Meteor2i3, Happy Birthday!",2020.07.19,437,00:38:31,56.8,22173
615,I wanna Fall into Depression and never be Happy Again,2020.07.20,719,00:56:28,67.4,22182
616,I wanna get the Only Dot,2020.07.21,986,01:24:52,71.4,11561
617,I wanna hear the wind,2020.07.21,80,00:06:50,N/A,-1
618,I wanna practice bh and jc !,2020.07.23,149,00:06:06,N/A,-1
619,I wanna be the YumeKawaii,2020.07.24,39,00:09:55,38.6,22172
620,I wanna Gnol2,2020.07.24,1820,01:39:09,71.1,16126
621,I wanna be the M spike,2020.07.27,346,00:02:44,63.3,22210
622,Terrible Needle,2020.07.27,293,00:27:36,53.9,19380
623,I wanna Relax with Needle 2,2020.07.30,111,00:22:08,41.9,22213
624,I wanna be the WT,2020.08.03,127,00:12:35,51.4,22223
625,I wanna be the GM Tutorial,2020.08.03,614,00:17:06,53.0,21961
626,I wanna be the Consonance,2020.08.04,932,00:50:46,69.2,21160
627,Retaw,2020.08.04,1039,01:19:28,65.0,22950
628,I wanna ◇,2020.08.07,538,00:11:21,59.8,16344
629,I Wanna be the TsuTaMao,2020.08.07,1076,00:51:45,68.8,14693
630,Iwanna Instant,2020.08.08,237,00:27:58,N/A,-1
631,I wanna swim in the sea,2020.08.11,31,00:07:26,27.0,22949
632,Untitled90,2020.08.11,310,00:23:27,55.3,22312
633,Untitled15,2020.08.12,374,00:34:25,61.0,19950
634,I wanna feed Your Escapism,2020.08.12,223,00:16:56,50.5,18567
635,Valder fields,2020.08.13,93,00:21:45,41.4,22311
636,I Wanna Feed Your Escapism 2,2020.08.13,1138,01:17:39,63.6,20475
637,I wanna 73,2020.08.14,218,00:08:42,41.2,16831
638,Watery Phantasm,2020.08.14,1099,01:38:29,67.0,22306
639,I wanna be the good background music1,2020.08.17,537,00:59:41,N/A,17876
640,Chew 039,2020.08.20,563,00:38:51,56.2,22336
641,I wanna Rorschach Test,2020.08.20,455,00:24:11,57.7,18841
642,I wanna Jguy Spike 2,2020.08.20,374,00:27:58,56.5,12362
643,Fha Needle 0,2020.08.21,566,00:42:52,53.0,22341
644,Stars,2020.08.21,70,00:08:28,29.9,22338
645,I wanna experience the Two Colours,2020.08.22,185,00:19:11,54.9,18798
646,I wanna be the ADHD,2020.08.23,2046,00:18:22,79.2,11863
647,Alphazetica,2020.08.24,1852,02:29:20,68.4,22343
648,chew 031,2020.08.26,117,00:10:24,53.1,22363
649,OMG Needle,2020.08.27,592,00:40:02,58.8,22360
650,WeMoveForward,2020.08.28,122,00:19:35,55.7,22365
651,Sunday,2020.08.31,158,00:12:48,65.5,22377
652,I wanna enjoy the best of OL 2,2020.08.31,1134,00:59:56,65.0,22376
653,I wanna find different traps 2,2020.08.31,234,00:44:43,43.3,22609
654,White Puppy,2020.08.31,11,00:01:15,41.0,22381
655,Heaven Needle,2020.09.01,166,00:15:06,43.3,22383
656,Crystal Needle,2020.09.01,97,00:08:10,40.5,22384
657,I wanna bright my sky,2020.09.01,21,00:03:39,31.0,22386
658,Not Another Easy Game,2020.09.02,23,00:07:03,N/A,18042
659,Happy Birthday Medley!!,2020.09.06,332,00:36:51,46.0,22398
660,I Wanna be the Matryoshka Special Edition,2020.09.07,585,01:12:12,53.1,22394
661,I wanna summer JUMP,2020.09.07,5,00:04:06,N/A,22944
662,I wanna be the Elpis,2020.09.08,1647,01:14:27,66.5,23811
663,2011 needle hole,2020.09.08,522,00:21:10,53.2,22408
664,I wanna be the Extension,2020.09.08,195,00:20:16,45.3,17923
665,I wanna run out of ideas,2020.09.26,444,00:14:47,66.0,18540
666,I Wanna Take the Second L,2020.09.26,555,00:14:49,52.9,22448
667,I Wanna Be the Hades,2020.09.29,1015,00:23:31,71.7,14978
668,Simple Hentai,2020.10.03,55,00:09:03,34.1,22569
669,I wanna Fakyo,2020.10.04,239,00:04:15,55.0,22939
670,I wanna Fakyo 2,2020.10.04,300,00:06:53,55.0,22940
671,Melancholy needle 2,2020.10.05,2527,02:11:29,70.0,22505
672,I Wanna Be The Deneb,2020.10.07,752,00:27:33,60.4,22572
673,I wanna XXIII Spike,2020.10.07,3615,04:48:35,73.5,22468
674,a cup of purify water,2020.10.08,87,00:09:49,N/A,23752
675,I Wanna be the Dononite,2020.10.11,304,00:11:16,51.2,22489
676,I wanna dodge the Yuzuki Spike,2020.10.24,113,00:05:32,43.5,19561
677,I wanna Chill Out,2020.10.24,737,00:57:46,63.2,22546
678,Water!,2020.10.25,15,00:03:13,32.4,22568
679,I wanna be the SKR,2020.10.25,162,00:11:12,41.6,15428
680,I wanna fly out of this storm,2020.10.29,399,00:28:13,60.5,22573
681,i wanna fix what's wrong,2020.10.31,147,00:09:06,52.7,22589
682,Chew025,2020.11.01,1717,00:48:36,69.7,22929
683,I Wanna Practice Needle-Making,2020.11.06,393,00:40:08,50.9,22584
684,I wanna Tickle,2020.11.06,952,00:40:47,68.3,12494
685,i wanna 514,2020.11.13,80,00:07:34,42.6,22641
686,Chew 017,2020.11.13,757,00:32:31,65.0,23677
687,Cookie Temptation,2020.11.19,282,00:28:15,52.7,22656
688,hello,2020.11.19,22,00:02:38,N/A,25893
689,I Wanna be the Zeus,2020.11.22,237,00:07:32,62.5,14983
690,Chew 032,2020.11.25,480,00:25:28,52.0,23719
691,I wanna be the Aidoru,2020.11.27,362,00:37:40,55.3,22659
692,I wanna adventure,2020.11.28,55,00:08:40,N/A,-1
693,Matige Needle,2020.11.29,469,00:19:03,50.1,22687
694,Rainy day,2020.11.29,85,00:08:44,45.2,22689
695,I wanna be the spectacular spike game,2020.12.04,765,00:37:31,N/A,-1
696,I Wanna be the Nebula,2020.12.05,428,00:08:52,61.6,22631
697,Chew 045,2020.12.13,182,00:05:38,56.0,23730
698,I wanna be the 100 SGGK Riser,2020.12.13,145,00:04:40,43.2,15078
699,I Wanna Be The Forest,2020.12.13,151,00:14:50,51.3,22652
700,I Wanna Make Some Terrible Needle,2020.12.19,332,00:17:17,58.0,22726
701,I wanna recover the existance,2020.12.24,161,00:16:01,48.5,17481
702,I wanna linger at the masquerade,2020.12.27,280,00:39:59,49.4,22763
703,I wanna red needle,2020.12.29,1118,00:43:44,62.5,22716
704,Phase 1-1,2020.12.31,229,00:22:31,49.7,22795
705,I Wanna 1spike,2020.12.31,206,00:21:47,38.9,22775
706,I wanna play 60 single needles,2021.01.02,143,00:10:02,N/A,-1
707,I wanna beat sheep spike,2021.01.02,266,00:04:51,N/A,25439
708,I wanna 1389,2021.01.02,798,01:28:27,64.2,21073
709,Phase 1-2,2021.01.09,202,00:20:01,54.2,22816
710,I Wanna Enjoy My Dreams,2021.01.09,497,00:27:41,54.7,22796
711,I wanna be the Birthday Cake,2021.01.10,97,00:09:10,60.8,18725
712,banana pudding 3,2021.01.12,1863,01:06:28,69.7,20892
713,I wanna be the Kantoku Needle,2021.01.12,11415,03:07:05,73.8,16824
714,Comfort Needle 2,2021.01.13,418,00:30:35,57.3,22803
715,Phase 1-3,2021.01.20,431,00:39:52,60.4,22850
716,I wanna try something different,2021.01.20,761,01:05:09,64.7,21000
717,I wanna be the Heracles,2021.01.22,2817,01:26:10,77.8,17788
718,I wanna watch some movie,2021.01.22,234,00:27:45,55.7,21435
719,The fooled clown,2021.01.22,181,00:20:08,46.8,22824
720,I wanna horaizontal,2021.01.23,274,00:04:27,52.5,22821
721,I Wanna Search A Mountain,2021.01.23,41,00:06:54,35.4,22823
722,I wanna be the Partysu III,2021.01.24,4665,05:30:36,75.5,18299
723,Downer,2021.01.25,307,00:23:59,55.2,22828
724,I Wanna Be The 'y' where (y · 4!) ÷ 15 = 51.2,2021.01.25,1217,01:42:07,70.1,19598
725,Aguacateca,2021.01.26,123,00:11:56,40.2,23032
726,I wanna be the lovely child,2021.01.29,2832,02:47:36,71.2,22838
727,clam needle,2021.01.31,266,00:12:13,53.6,22840
728,Landing Only,2021.01.31,8,00:01:56,N/A,24235
729,Whale Fall,2021.02.02,491,00:31:07,54.0,22858
730,Chew 088,2021.02.04,295,00:25:42,52.5,22852
731,I Wanna Be The Shine Needle,2021.02.04,581,00:45:56,54.6,22854
732,I wanna walk out of haziness,2021.02.05,653,01:04:59,61.8,22853
733,i wanna penetrate Big Seven,2021.02.05,198,00:13:32,N/A,22930
734,I wanna Master Four Needles,2021.02.06,287,00:12:29,56.6,22843
735,I wanna be the powder toy,2021.02.07,2683,01:13:56,68.3,16838
736,I wanna mole,2021.02.07,550,00:39:41,65.0,20081
737,I Wanna travel the needle world 2,2021.02.07,74,00:12:32,41.8,22862
738,i wanna take your time,2021.02.08,447,00:40:08,71.5,20960
739,I Wanna Be The Cursed Needle,2021.02.08,164,00:16:57,50.8,22860
740,Vacuity,2021.02.08,0,00:01:55,21.9,22859
741,I wanna destroy the venus,2021.02.09,360,00:36:58,61.6,17594
742,Strawberry needle,2021.02.09,98,00:10:47,46.5,22870
743,I wanna be the Efreet,2021.02.09,2556,00:36:33,71.0,21687
744,Phonotaxis,2021.02.10,1801,01:43:57,82.0,17864
745,I wanna conquer the night,2021.02.11,91,00:08:45,N/A,-1
746,I wanna jump the Rainbow,2021.02.12,3667,02:52:56,68.7,15361
747,I wanna be the Neurosis,2021.02.12,313,00:25:20,59.6,14827
748,I wanna Wow,2021.02.13,350,00:13:33,56.4,12507
749,I wanna 創世神 spike2,2021.02.14,14,00:00:55,40.0,17554
750,Spring,2021.02.15,636,00:39:45,59.5,22891
751,Heaven needle 2,2021.02.16,212,00:17:49,N/A,-1
752,I wanna Rhythm,2021.02.17,58,00:07:28,N/A,-1
753,Iwanna W,2021.02.17,485,00:05:25,58.4,22900
754,I Wanna Be The Nuclear Fusion Remake,2021.02.18,116,00:09:03,63.1,22877
755,Wake up,2021.02.20,80,00:07:18,41.1,22915
756,I wanna up 24 hours,2021.02.20,684,00:45:43,70.0,23274
757,Abigail,2021.02.20,32,00:05:55,42.7,23269
758,One Screen Rainy,2021.02.21,23,00:02:05,60.0,23277
759,i wanna orz,2021.02.21,327,00:27:58,61.3,22920
760,I wanna Reverse,2021.02.21,273,00:10:35,63.7,12459
761,I Wanna Jump Into Needles,2021.02.21,139,00:11:24,51.0,22916
762,i wanna clear the game,2021.02.21,585,00:31:15,67.5,23272
763,Sunday Morning,2021.02.22,26,00:03:23,41.4,22924
764,I Wanna use the least knowledge to realize my fantasy,2021.02.22,14,00:03:00,46.5,23275
765,Hope,2021.02.23,105,00:10:21,65.0,23270
766,Phase 1-4,2021.02.24,433,00:45:00,58.9,23006
767,I wanna be the Rainbow needle,2021.02.24,120,00:06:06,39.1,11040
768,I wanna hole needle,2021.02.25,1670,00:58:10,70.6,15657
769,Some Needle Experiment,2021.02.26,1513,01:05:13,69.3,19320
770,I wanna walk the blue,2021.02.27,78,00:09:21,40.0,23881
771,I Wanna Be The Dreamroamer,2021.02.27,62,00:12:39,37.0,22936
772,I wanna GTH 2,2021.03.01,865,00:46:44,78.0,22903
773,I wanna SNTF,2021.03.01,627,00:18:00,59.5,22972
774,I wanna be the Clarence,2021.03.05,5390,07:42:00,75.1,18393
775,I wanna be the Leaf Green,2021.03.05,13,00:01:32,N/A,16917
776,Why?,2021.03.05,15,00:01:15,28.5,22990
777,I...,2021.03.05,399,00:17:34,59.4,22991
778,Trail Set 2,2021.03.06,226,00:10:26,53.5,22997
779,Phase 1-5,2021.03.06,337,00:33:54,56.6,23030
780,I wanna beat the bs,2021.03.09,1,00:00:11,61.3,22979
781,I wanna fly night sky,2021.03.09,270,00:05:32,55.6,22809
782,I wanna leap 6 screen,2021.03.10,113,00:16:56,44.9,22992
783,-I Can Leap-,2021.03.10,152,00:11:21,45.6,23003
784,Two'n Two'n,2021.03.10,758,01:29:22,57.0,23004
785,Wifie Present,2021.03.11,2316,03:00:32,71.7,22428
786,I Wanna Overcome the Darkness,2021.03.12,555,00:24:24,61.4,22586
787,I Wanna Jump Still to Dawn,2021.03.12,1363,01:03:43,75.0,19809
788,efficient,2021.03.19,158,00:23:05,48.9,23061
789,I Wanna Duloxetine,2021.03.19,820,01:24:34,59.4,23031
790,I Wanna Eat My Literature Textbook,2021.03.21,219,00:10:12,51.5,23021
791,Happy Birthday to Zeroyume,2021.03.24,462,00:46:21,47.3,23309
792,I wanna be the konerj,2021.03.25,527,00:15:15,N/A,-1
793,SparkShadow Needle,2021.04.01,1978,02:09:48,59.3,23080
794,Float.,2021.04.01,553,01:27:08,57.5,23062
795,I wanna gensoukyo,2021.04.01,166,00:17:39,46.6,17816
796,I wanna eat strawberry cake,2021.04.06,116,00:19:37,N/A,-1
797,I wanna wait for a game,2021.04.08,247,00:11:14,50.0,21433
798,Pigeon Needle 2021,2021.04.10,4721,04:33:28,78.8,22906
799,I Wanna Release Something,2021.04.18,731,00:50:00,58.3,23102
800,I wanna be the 易しいアイワナ,2021.04.18,0,00:00:38,3.0,23113
801,I Wanna Different Journey,2021.05.12,1514,01:27:18,64.5,23140
802,I wanna play around with nikaple 2 engine,2021.05.16,77,00:04:53,N/A,23146
803,Chew 032,2021.05.21,239,00:24:17,52.0,23719
804,I wanna be the Phantom Needle IV,2021.05.27,2179,03:27:38,74.3,18944
805,i wanna break whats right,2021.05.29,321,00:14:49,61.7,23195
806,I wanna XYZ Spike,2021.06.06,132,00:07:03,50.1,23220
807,I wanna make some easy needle game,2021.06.06,190,00:17:05,47.5,23216
808,Golf Girl,2021.06.09,116,00:18:33,44.0,23231
809,I wanna Myosotis,2021.06.09,1082,00:24:37,62.5,23228
810,I wanna LTO 1,2021.06.12,202,00:06:23,60.9,12404
811,I Wanna ⚫⚪,2021.06.13,1224,00:46:16,60.7,23232
812,5Maps,2021.06.13,107,00:11:21,35.0,24054
813,Phase 2-1,2021.06.13,509,00:46:09,54.9,23247
814,I wanna be the passage,2021.06.15,223,00:19:25,N/A,-1
815,Gimmick spike,2021.06.15,88,00:14:30,39.3,23244
816,SaKeYi Spike,2021.06.15,321,01:39:41,65.7,23245
817,Love Her Madly,2021.06.22,45,00:04:47,51.6,23265
818,I wanna jurke,2021.06.22,1406,00:20:52,67.5,23258
819,P.M.P 1,2021.06.23,16,00:04:56,33.8,23267
820,I wanna be the nothing,2021.06.23,197,00:15:33,59.3,23268
821,Look Before You Leap,2021.06.23,1392,00:51:26,73.8,21562
822,Wavetapper,2021.06.23,42,00:07:11,42.4,23280
823,The Sunken Cathedral,2021.06.30,657,01:02:14,70.3,23287
824,I wanna make boboniu noodle,2021.07.06,510,00:35:45,52.0,23295
825,Happy Birthday to Myself,2021.07.16,254,00:31:03,N/A,-1
826,I wanna be the Mr.Spike,2021.07.17,670,00:38:49,62.8,23328
827,I wanna destroy the Neptune,2021.07.17,271,00:14:35,N/A,24047
828,Dead End St.,2021.07.18,153,00:08:50,52.8,23333
829,I wanna pursue starlight,2021.07.19,250,00:19:57,N/A,-1
830,A Sky Luminous with Stars,2021.07.19,233,00:25:10,N/A,-1
831,I wanna be the Serein,2021.07.20,250,00:18:07,60.8,23335
832,Rainbow Dash world,2021.07.20,148,00:15:57,46.7,23338
833,Pigstep,2021.07.20,818,00:41:41,62.6,23339
834,Good Bye Everyone,2021.07.21,341,00:19:22,65.7,20378
835,Phonotransmitter,2021.07.23,3821,03:36:12,75.6,21676
836,Line Wind,2021.07.24,463,00:11:46,54.4,23370
837,Jushi Needle 2021,2021.07.25,781,00:46:39,55.7,23371
838,I Wanna Be Akarin!,2021.07.25,513,00:36:06,61.0,23398
839,Inspiration Needle,2021.07.27,920,01:43:16,60.7,23423
840,ebb needle 2021,2021.07.28,953,01:37:21,59.6,23419
841,I wanna Drizzle,2021.07.29,258,00:22:38,60.6,23421
842,I Wanna Arduous Needle,2021.08.01,160,00:07:53,N/A,23508
843,I wanna purify 12,2021.08.07,59,00:10:22,38.5,21305
844,I wanna be the Foner,2021.08.07,350,00:08:10,66.1,23399
845,I Wanna 32 Square 1,2021.08.07,140,00:12:46,53.9,23455
846,I wanna be the Conspicuous Crumble,2021.08.07,164,00:19:46,65.0,23458
847,Ellipsis,2021.08.09,632,01:17:24,59.6,23463
848,i wanna break the gourdladle,2021.08.11,1587,01:19:57,66.8,23092
849,I Wanna 32 Square 3,2021.08.16,279,00:26:26,55.7,23502
850,I wanna be the Nered,2021.08.16,180,00:07:27,60.0,23493
851,I wanna kill the sparkshadow,2021.08.20,166,00:12:22,N/A,-1
852,I Don't Wanna Dwell,2021.08.20,1186,01:24:48,69.7,23529
853,Poor Mind,2021.08.20,82,00:13:29,43.6,23540
854,I Wanna Be the Immaculate Scumble,2021.08.22,2042,02:28:39,72.7,23367
855,Ice Reign,2021.08.26,0,00:01:26,24.5,23562
856,I wanna have a good relax,2021.08.27,12,00:03:46,18.2,23558
857,Feeling Tired,2021.08.29,160,00:18:01,46.5,23572
858,Bygones,2021.08.30,59,00:09:47,43.4,23581
859,I wanna run into the night,2021.09.04,11,00:04:03,17.6,23556
860,Till The Sunrise,2021.09.04,355,00:26:28,57.7,23593
861,I wanna STK,2021.09.04,167,00:04:22,62.7,23590
862,Intro Falling,2021.09.04,484,00:39:44,58.0,23594
863,Question Mark,2021.09.11,103,00:14:18,56.5,23636
864,I wanna go through the forest,2021.09.23,3,00:03:37,25.6,23680
865,I wanna see the Needle,2021.09.24,391,00:36:18,52.8,18330
866,take over your life,2021.09.28,276,00:09:15,61.7,23690
867,I Wanna Rebirth Needle 2,2021.10.03,469,00:36:52,54.4,23698
868,Have a rest!,2021.10.05,30,00:05:53,41.9,23714
869,I wanna see the sky,2021.10.05,112,00:12:07,44.8,16779
870,I wanna be the Guy Needle,2021.10.08,747,01:00:05,57.0,23717
871,Phase 2-2,2021.10.10,384,00:53:02,56.8,23742
872,Iwanna Carnean,2021.10.18,25,00:03:57,29.0,23736
873,Iwanna Komorebi,2021.10.18,13,00:02:39,26.5,23734
874,Iwanna Skyvoice,2021.10.18,45,00:04:42,31.8,23735
875,I Wanna Chase the Chance,2021.11.04,114,00:10:25,53.5,23793
876,the pusspatchening,2021.11.06,531,00:47:21,60.2,23792
877,I Wanna walk the blue 2,2021.11.27,93,00:13:39,43.4,23880
878,Wathet,2022.01.06,186,00:18:47,52.0,23876
879,our story.,2022.01.19,109,00:19:30,39.0,24017
880,I wanna merry christmas to you,2022.01.19,13,00:03:27,N/A,-1
881,I Wanna Rewrite the Past,2022.01.19,317,00:35:03,55.6,23959
882,I wanna hzw needle,2022.01.28,42,00:09:07,23.8,24275
883,I wanna be the Perfect Blue,2022.01.29,594,00:49:00,61.0,23905
884,Chew 022,2022.01.29,234,00:08:44,N/A,-1
885,"Happy New Year's Eve,Happy New Year!",2022.02.02,0,00:00:26,29.0,24331
886,Thanks for 2021!!,2022.02.02,31,00:10:12,35.8,24329
887,Puzzle!,2022.02.04,11,00:18:48,31.6,24337
888,I wanna make an excellent yinmad,2022.02.07,133,00:27:33,N/A,23886
889,i wanna simple adventure,2022.02.10,93,00:17:23,34.9,24355
890,SMJB Needle,2022.02.11,1104,01:46:08,66.4,24335
891,I wanna destroy PSR0531+21,2022.02.12,513,00:40:34,65.0,21482
892,I Wanna Empleh,2022.02.12,23,00:05:30,42.3,24368
893,leap over,2022.02.12,835,00:56:42,74.0,24377
894,I wanna get started,2022.02.17,214,00:20:08,57.8,24372
895,Square Circle Rectangle And Triangle,2022.02.19,927,01:09:11,61.9,23939
896,I wanna Nukeru Spike,2022.02.20,186,00:24:27,49.9,24401
897,I wanna have a journey,2022.02.21,47,00:15:02,19.7,24387
898,I Wanna Rely The Needle 4.5,2022.03.03,15,00:05:16,30.4,25483
899,I Wanna Beat The Alphabet,2022.03.08,0,00:03:19,28.4,24421
900,Speedy_Mar09,2022.03.10,38,00:06:13,35.0,24428
901,unorthodox rubbish needle,2022.03.11,257,00:18:18,45.0,24440
902,Falling Ways,2022.03.13,2721,03:10:43,69.1,24376
903,Chew 002,2022.03.17,178,00:26:46,N/A,-1
904,chris sadboy needle,2022.04.03,0,00:00:26,17.2,24539
905,"Plume, Happybirthday!",2022.04.05,2533,02:35:26,70.0,24543
906,I wanna eat watermelon,2022.04.08,16,00:04:45,N/A,-1
907,I Wanna Go To Secret Needle,2022.04.17,13,00:02:54,38.0,24657
908,I Wanna Jumping Spikes 2,2022.04.18,150,00:11:48,57.7,24645
909,I Wanna Take The Neon Highway,2022.04.19,702,00:58:50,68.3,25310
910,I Wanna be the AIW,2022.04.28,776,00:35:23,56.4,24877
911,Eggplant Present 2022,2022.04.28,17,00:25:55,52.8,24879
912,I wanna walk through solstice,2022.04.28,335,00:27:07,61.5,24878
913,I wanna let the 32px world back,2022.05.04,770,00:37:20,N/A,-1
914,I wanna catch reflection of stars in the sea,2022.05.07,226,00:22:24,58.0,24880
915,i wanna consume you entirely,2022.05.08,192,00:08:23,54.4,24881
916,I wanna best the 100 floors,2022.06.03,6324,06:55:41,68.7,21381
917,Happy Children's Needle,2022.06.03,137,00:10:14,52.1,24999
918,Reverie,2022.06.22,362,00:29:56,58.5,25048
919,Bnuuy,2022.06.23,56,00:08:59,51.7,25049
920,I wanna dodge fruit,2022.06.24,67,00:05:20,50.0,25059
921,I Wanna Disconnect,2022.06.26,4205,06:06:23,73.3,25062
922,"I wanna get up, burst into motion, raise my finger say",2022.06.30,567,00:14:13,70.0,23198
923,I Wanna Be The Cichorium,2022.07.01,419,00:48:16,60.6,25075
924,I wanna see the Sky 2,2022.07.01,155,00:18:21,47.4,17547
925,ANIA x Needle,2022.07.01,561,00:38:51,54.3,25084
926,I wanna commemorate today,2022.07.02,86,00:16:24,55.5,20336
927,I Wanna —,2022.07.02,1539,00:32:56,53.5,25076
928,I wanna descend the 69,2022.07.08,4300,04:30:13,72.0,16264
929,I wanna reset,2022.07.08,108,00:06:54,N/A,-1
930,Tori Another 2,2022.07.11,123,00:08:18,49.2,25100
931,Soda evaporation,2022.07.11,20,00:03:40,26.2,25103
932,jtool needle collection uwu 1,2022.07.11,243,00:19:23,49.3,25107
933,Melancholy Needle 3,2022.07.13,1798,02:23:38,65.8,25118
934,Gap Needle,2022.07.14,54,00:02:04,33.3,25123
935,Irregular needle collab campaign (ez all clear),2022.07.25,137,00:47:02,N/A,-1
936,Ebb Needle 2022,2022.07.28,876,01:43:47,61.4,25194
937,i wanna be a small world,2022.07.31,0,00:00:51,12.8,25193
938,I wanna detach myself from reality to stop being depressed,2022.07.31,1626,01:13:34,65.0,25189
939,Moonstone,2022.07.31,609,01:01:28,66.8,25187
940,the real 50 stevenjocker area,2022.08.02,20,00:15:31,22.1,25179
941,I wanna be the se tu,2022.08.06,126,00:10:21,N/A,-1
942,Journey to the Firmament,2022.08.09,512,00:55:46,60.7,25229
943,Inspiration Needle II,2022.08.10,1275,01:33:58,72.0,25268
944,2022 Needle.,2022.08.11,1692,03:33:58,66.9,25262
945,Pusspatch,2022.08.12,864,01:17:50,66.3,25242
946,I want subtle madness,2022.08.21,732,01:01:14,65.0,25311
947,I wanna take a break,2022.08.26,28,00:10:36,37.3,25335
948,Jushi Needle 2022,2022.12.20,930,00:54:46,57.3,25865
949,Thanks for 2022!!,2023.01.25,2,00:07:33,19.6,26034
950,Focal,2023.01.09,150,00:15:06,51.3,26055